"Sales","date","Mo","Tu","We","Th","Fr","Sa","Feb","Mar","Apr","May","Jun","Jul","Aug","Sep","Oct","Nov","Dec","Promo","mav_5d","lag_1d"
9332,"2013-02-01",0,0,0,0,1,0,1,0,0,0,0,0,0,0,0,0,0,0,8443.2,10359
11123,"2013-02-02",0,0,0,0,0,1,1,0,0,0,0,0,0,0,0,0,0,0,8445,9332
10095,"2013-02-09",0,0,0,0,0,1,1,0,0,0,0,0,0,0,0,0,0,0,8963.2,11123
8907,"2013-02-11",1,0,0,0,0,0,1,0,0,0,0,0,0,0,0,0,0,0,9470.4,10095
7800,"2013-02-12",0,1,0,0,0,0,1,0,0,0,0,0,0,0,0,0,0,0,9731.6,8907
7983,"2013-02-13",0,0,1,0,0,0,1,0,0,0,0,0,0,0,0,0,0,0,9219.8,7800
8239,"2013-02-14",0,0,0,1,0,0,1,0,0,0,0,0,0,0,0,0,0,0,8950,7983
7993,"2013-02-15",0,0,0,0,1,0,1,0,0,0,0,0,0,0,0,0,0,0,8604.8,8239
9757,"2013-02-16",0,0,0,0,0,1,1,0,0,0,0,0,0,0,0,0,0,0,8184.4,7993
13163,"2013-02-18",1,0,0,0,0,0,1,0,0,0,0,0,0,0,0,0,0,1,11060.8,9965
9719,"2013-02-19",0,1,0,0,0,0,1,0,0,0,0,0,0,0,0,0,0,1,10906,13163
8906,"2013-02-20",0,0,1,0,0,0,1,0,0,0,0,0,0,0,0,0,0,1,10579.2,9719
9303,"2013-02-21",0,0,0,1,0,0,1,0,0,0,0,0,0,0,0,0,0,1,10341.4,8906
10623,"2013-02-22",0,0,0,0,1,0,1,0,0,0,0,0,0,0,0,0,0,1,10169.6,9303
9708,"2013-02-23",0,0,0,0,0,1,1,0,0,0,0,0,0,0,0,0,0,0,8527.6,9757
7158,"2013-02-25",1,0,0,0,0,0,1,0,0,0,0,0,0,0,0,0,0,0,8909.2,9708
7199,"2013-02-26",0,1,0,0,0,0,1,0,0,0,0,0,0,0,0,0,0,0,8744.2,7158
7256,"2013-02-27",0,0,1,0,0,0,1,0,0,0,0,0,0,0,0,0,0,0,8536.2,7199
10697,"2013-02-28",0,0,0,1,0,0,1,0,0,0,0,0,0,0,0,0,0,0,8388.8,7256
9873,"2013-03-01",0,0,0,0,1,0,0,1,0,0,0,0,0,0,0,0,0,0,8403.6,10697
10541,"2013-03-02",0,0,0,0,0,1,0,1,0,0,0,0,0,0,0,0,0,0,8436.6,9873
13382,"2013-03-04",1,0,0,0,0,0,0,1,0,0,0,0,0,0,0,0,0,1,10326.4,10623
9844,"2013-03-05",0,1,0,0,0,0,0,1,0,0,0,0,0,0,0,0,0,1,10370.2,13382
9357,"2013-03-06",0,0,1,0,0,0,0,1,0,0,0,0,0,0,0,0,0,1,10395.2,9844
9190,"2013-03-07",0,0,0,1,0,0,0,1,0,0,0,0,0,0,0,0,0,1,10485.4,9357
10245,"2013-03-08",0,0,0,0,1,0,0,1,0,0,0,0,0,0,0,0,0,1,10462.8,9190
9936,"2013-03-09",0,0,0,0,0,1,0,1,0,0,0,0,0,0,0,0,0,0,9054,10541
8395,"2013-03-11",1,0,0,0,0,0,0,1,0,0,0,0,0,0,0,0,0,0,9601.4,9936
7676,"2013-03-12",0,1,0,0,0,0,0,1,0,0,0,0,0,0,0,0,0,0,9829.2,8395
7522,"2013-03-13",0,0,1,0,0,0,0,1,0,0,0,0,0,0,0,0,0,0,9225,7676
7112,"2013-03-14",0,0,0,1,0,0,0,1,0,0,0,0,0,0,0,0,0,0,8754.8,7522
7849,"2013-03-15",0,0,0,0,1,0,0,1,0,0,0,0,0,0,0,0,0,0,8128.2,7112
9446,"2013-03-16",0,0,0,0,0,1,0,1,0,0,0,0,0,0,0,0,0,0,7710.8,7849
11643,"2013-03-18",1,0,0,0,0,0,0,1,0,0,0,0,0,0,0,0,0,1,10243.8,10245
10301,"2013-03-19",0,1,0,0,0,0,0,1,0,0,0,0,0,0,0,0,0,1,9896,11643
9149,"2013-03-20",0,0,1,0,0,0,0,1,0,0,0,0,0,0,0,0,0,1,9987.4,10301
9466,"2013-03-21",0,0,0,1,0,0,0,1,0,0,0,0,0,0,0,0,0,1,9945.8,9149
10190,"2013-03-22",0,0,0,0,1,0,0,1,0,0,0,0,0,0,0,0,0,1,10001,9466
9875,"2013-03-23",0,0,0,0,0,1,0,1,0,0,0,0,0,0,0,0,0,0,8069.8,9446
11548,"2013-03-25",1,0,0,0,0,0,0,1,0,0,0,0,0,0,0,0,0,1,10086.8,10190
10381,"2013-03-26",0,1,0,0,0,0,0,1,0,0,0,0,0,0,0,0,0,1,10067.8,11548
11014,"2013-03-27",0,0,1,0,0,0,0,1,0,0,0,0,0,0,0,0,0,1,10083.8,10381
16910,"2013-03-28",0,0,0,1,0,0,0,1,0,0,0,0,0,0,0,0,0,1,10456.8,11014
14669,"2013-03-30",0,0,0,0,0,1,0,1,0,0,0,0,0,0,0,0,0,0,9916.6,9875
11522,"2013-04-02",0,1,0,0,0,0,0,0,1,0,0,0,0,0,0,0,0,0,11346,14669
8922,"2013-04-03",0,0,1,0,0,0,0,0,1,0,0,0,0,0,0,0,0,0,12228,11522
8692,"2013-04-04",0,0,0,1,0,0,0,0,1,0,0,0,0,0,0,0,0,0,12442.6,8922
8264,"2013-04-05",0,0,0,0,1,0,0,0,1,0,0,0,0,0,0,0,0,0,12143,8692
9985,"2013-04-06",0,0,0,0,0,1,0,0,1,0,0,0,0,0,0,0,0,0,10413.8,8264
10943,"2013-04-08",1,0,0,0,0,0,0,0,1,0,0,0,0,0,0,0,0,1,10560.6,16910
9238,"2013-04-09",0,1,0,0,0,0,0,0,1,0,0,0,0,0,0,0,0,1,10774.2,10943
8798,"2013-04-10",0,0,1,0,0,0,0,0,1,0,0,0,0,0,0,0,0,1,10312.2,9238
8764,"2013-04-11",0,0,0,1,0,0,0,0,1,0,0,0,0,0,0,0,0,1,9995.6,8798
9492,"2013-04-12",0,0,0,0,1,0,0,0,1,0,0,0,0,0,0,0,0,1,9545.6,8764
9901,"2013-04-13",0,0,0,0,0,1,0,0,1,0,0,0,0,0,0,0,0,0,9378.4,9985
7181,"2013-04-15",1,0,0,0,0,0,0,0,1,0,0,0,0,0,0,0,0,0,9054.2,9901
6559,"2013-04-16",0,1,0,0,0,0,0,0,1,0,0,0,0,0,0,0,0,0,8706,7181
6154,"2013-04-17",0,0,1,0,0,0,0,0,1,0,0,0,0,0,0,0,0,0,8279.4,6559
6390,"2013-04-18",0,0,0,1,0,0,0,0,1,0,0,0,0,0,0,0,0,0,7857.4,6154
7287,"2013-04-19",0,0,0,0,1,0,0,0,1,0,0,0,0,0,0,0,0,0,7237,6390
8749,"2013-04-20",0,0,0,0,0,1,0,0,1,0,0,0,0,0,0,0,0,0,6714.2,7287
11138,"2013-04-22",1,0,0,0,0,0,0,0,1,0,0,0,0,0,0,0,0,1,9298.4,9492
9166,"2013-04-23",0,1,0,0,0,0,0,0,1,0,0,0,0,0,0,0,0,1,9337.4,11138
7496,"2013-04-24",0,0,1,0,0,0,0,0,1,0,0,0,0,0,0,0,0,1,9323,9166
7985,"2013-04-25",0,0,0,1,0,0,0,0,1,0,0,0,0,0,0,0,0,1,9062.6,7496
8593,"2013-04-26",0,0,0,0,1,0,0,0,1,0,0,0,0,0,0,0,0,1,8906.8,7985
9752,"2013-04-27",0,0,0,0,0,1,0,0,1,0,0,0,0,0,0,0,0,0,6996.6,8749
11140,"2013-04-29",1,0,0,0,0,0,0,0,1,0,0,0,0,0,0,0,0,1,9107.4,8593
14870,"2013-04-30",0,1,0,0,0,0,0,0,1,0,0,0,0,0,0,0,0,1,9107.8,11140
12976,"2013-05-02",0,0,0,1,0,0,0,0,0,1,0,0,0,0,0,0,0,1,10248.6,14870
11335,"2013-05-03",0,0,0,0,1,0,0,0,0,1,0,0,0,0,0,0,0,1,11344.6,12976
9713,"2013-05-04",0,0,0,0,0,1,0,0,0,1,0,0,0,0,0,0,0,0,7951.8,9752
7915,"2013-05-06",1,0,0,0,0,0,0,0,0,1,0,0,0,0,0,0,0,0,8663.6,9713
8175,"2013-05-07",0,1,0,0,0,0,0,0,0,1,0,0,0,0,0,0,0,0,8968.6,7915
9078,"2013-05-08",0,0,1,0,0,0,0,0,0,1,0,0,0,0,0,0,0,0,9146.2,8175
10624,"2013-05-10",0,0,0,0,1,0,0,0,0,1,0,0,0,0,0,0,0,0,9243.2,9078
10399,"2013-05-11",0,0,0,0,0,1,0,0,0,1,0,0,0,0,0,0,0,0,9101,10624
12178,"2013-05-13",1,0,0,0,0,0,0,0,0,1,0,0,0,0,0,0,0,1,11827.4,11335
10091,"2013-05-14",0,1,0,0,0,0,0,0,0,1,0,0,0,0,0,0,0,1,12312.6,12178
9446,"2013-05-15",0,0,1,0,0,0,0,0,0,1,0,0,0,0,0,0,0,1,12102.8,10091
8839,"2013-05-16",0,0,0,1,0,0,0,0,0,1,0,0,0,0,0,0,0,1,11018,9446
9049,"2013-05-17",0,0,0,0,1,0,0,0,0,1,0,0,0,0,0,0,0,1,10190.6,8839
10853,"2013-05-18",0,0,0,0,0,1,0,0,0,1,0,0,0,0,0,0,0,0,8968.2,10399
9778,"2013-05-21",0,1,0,0,0,0,0,0,0,1,0,0,0,0,0,0,0,0,9555.8,10853
7456,"2013-05-22",0,0,1,0,0,0,0,0,0,1,0,0,0,0,0,0,0,0,9876.4,9778
7078,"2013-05-23",0,0,0,1,0,0,0,0,0,1,0,0,0,0,0,0,0,0,9552,7456
7737,"2013-05-24",0,0,0,0,1,0,0,0,0,1,0,0,0,0,0,0,0,0,8842.8,7078
9971,"2013-05-25",0,0,0,0,0,1,0,0,0,1,0,0,0,0,0,0,0,0,8580.4,7737
11293,"2013-05-27",1,0,0,0,0,0,0,0,0,1,0,0,0,0,0,0,0,1,10105,9049
9804,"2013-05-28",0,1,0,0,0,0,0,0,0,1,0,0,0,0,0,0,0,1,9928,11293
9457,"2013-05-29",0,0,1,0,0,0,0,0,0,1,0,0,0,0,0,0,0,1,9870.6,9804
8975,"2013-05-30",0,0,0,1,0,0,0,0,0,1,0,0,0,0,0,0,0,1,9872.8,9457
13064,"2013-05-31",0,0,0,0,1,0,0,0,0,1,0,0,0,0,0,0,0,1,9900,8975
11592,"2013-06-01",0,0,0,0,0,1,0,0,0,0,1,0,0,0,0,0,0,0,9022.6,9971
13444,"2013-06-03",1,0,0,0,0,0,0,0,0,0,1,0,0,0,0,0,0,1,10224.2,13064
10584,"2013-06-04",0,1,0,0,0,0,0,0,0,0,1,0,0,0,0,0,0,1,10654.4,13444
9537,"2013-06-05",0,0,1,0,0,0,0,0,0,0,1,0,0,0,0,0,0,1,10810.4,10584
8695,"2013-06-06",0,0,0,1,0,0,0,0,0,0,1,0,0,0,0,0,0,1,10826.4,9537
9561,"2013-06-07",0,0,0,0,1,0,0,0,0,0,1,0,0,0,0,0,0,1,10770.4,8695
8419,"2013-06-08",0,0,0,0,0,1,0,0,0,0,1,0,0,0,0,0,0,0,8979.2,11592
8917,"2013-06-10",1,0,0,0,0,0,0,0,0,0,1,0,0,0,0,0,0,0,9171.8,8419
7557,"2013-06-11",0,1,0,0,0,0,0,0,0,0,1,0,0,0,0,0,0,0,9539.6,8917
7179,"2013-06-12",0,0,1,0,0,0,0,0,0,0,1,0,0,0,0,0,0,0,9503.6,7557
7680,"2013-06-13",0,0,0,1,0,0,0,0,0,0,1,0,0,0,0,0,0,0,8326.6,7179
8291,"2013-06-14",0,0,0,0,1,0,0,0,0,0,1,0,0,0,0,0,0,0,7950.4,7680
9774,"2013-06-15",0,0,0,0,0,1,0,0,0,0,1,0,0,0,0,0,0,0,7924.8,8291
13108,"2013-06-17",1,0,0,0,0,0,0,0,0,0,1,0,0,0,0,0,0,1,10406.8,9561
9796,"2013-06-18",0,1,0,0,0,0,0,0,0,0,1,0,0,0,0,0,0,1,10339.6,13108
9357,"2013-06-19",0,0,1,0,0,0,0,0,0,0,1,0,0,0,0,0,0,1,10182,9796
9545,"2013-06-20",0,0,0,1,0,0,0,0,0,0,1,0,0,0,0,0,0,1,10146,9357
9438,"2013-06-21",0,0,0,0,1,0,0,0,0,0,1,0,0,0,0,0,0,1,10316,9545
8773,"2013-06-22",0,0,0,0,0,1,0,0,0,0,1,0,0,0,0,0,0,0,8029,9774
9187,"2013-06-24",1,0,0,0,0,0,0,0,0,0,1,0,0,0,0,0,0,0,8272.2,8773
8429,"2013-06-25",0,1,0,0,0,0,0,0,0,0,1,0,0,0,0,0,0,0,8673.8,9187
8218,"2013-06-26",0,0,1,0,0,0,0,0,0,0,1,0,0,0,0,0,0,0,8823.6,8429
8181,"2013-06-27",0,0,0,1,0,0,0,0,0,0,1,0,0,0,0,0,0,0,8809,8218
9674,"2013-06-28",0,0,0,0,1,0,0,0,0,0,1,0,0,0,0,0,0,0,8557.6,8181
10291,"2013-06-29",0,0,0,0,0,1,0,0,0,0,1,0,0,0,0,0,0,0,8737.8,9674
13203,"2013-07-01",1,0,0,0,0,0,0,0,0,0,0,1,0,0,0,0,0,1,10419.4,9438
9650,"2013-07-02",0,1,0,0,0,0,0,0,0,0,0,1,0,0,0,0,0,1,10438.4,13203
9089,"2013-07-03",0,0,1,0,0,0,0,0,0,0,0,1,0,0,0,0,0,1,10409.2,9650
8899,"2013-07-04",0,0,0,1,0,0,0,0,0,0,0,1,0,0,0,0,0,1,10355.6,9089
8419,"2013-07-05",0,0,0,0,1,0,0,0,0,0,0,1,0,0,0,0,0,1,10226.4,8899
7924,"2013-07-06",0,0,0,0,0,1,0,0,0,0,0,1,0,0,0,0,0,0,8584.2,10291
7976,"2013-07-08",1,0,0,0,0,0,0,0,0,0,0,1,0,0,0,0,0,0,8483.2,7924
6554,"2013-07-09",0,1,0,0,0,0,0,0,0,0,0,1,0,0,0,0,0,0,8434.8,7976
6519,"2013-07-10",0,0,1,0,0,0,0,0,0,0,0,1,0,0,0,0,0,0,8109.4,6554
6653,"2013-07-11",0,0,0,1,0,0,0,0,0,0,0,1,0,0,0,0,0,0,7478.4,6519
7137,"2013-07-12",0,0,0,0,1,0,0,0,0,0,0,1,0,0,0,0,0,0,7125.2,6653
7531,"2013-07-13",0,0,0,0,0,1,0,0,0,0,0,1,0,0,0,0,0,0,6967.8,7137
11658,"2013-07-15",1,0,0,0,0,0,0,0,0,0,0,1,0,0,0,0,0,1,9674.4,8419
9349,"2013-07-16",0,1,0,0,0,0,0,0,0,0,0,1,0,0,0,0,0,1,9365.4,11658
8611,"2013-07-17",0,0,1,0,0,0,0,0,0,0,0,1,0,0,0,0,0,1,9305.2,9349
8088,"2013-07-18",0,0,0,1,0,0,0,0,0,0,0,1,0,0,0,0,0,1,9209.6,8611
8236,"2013-07-19",0,0,0,0,1,0,0,0,0,0,0,1,0,0,0,0,0,1,9047.4,8088
7589,"2013-07-20",0,0,0,0,0,1,0,0,0,0,0,1,0,0,0,0,0,0,7019.8,7531
7070,"2013-07-22",1,0,0,0,0,0,0,0,0,0,0,1,0,0,0,0,0,0,7226.8,7589
5869,"2013-07-23",0,1,0,0,0,0,0,0,0,0,0,1,0,0,0,0,0,0,7337,7070
6350,"2013-07-24",0,0,1,0,0,0,0,0,0,0,0,1,0,0,0,0,0,0,7180.2,5869
6893,"2013-07-25",0,0,0,1,0,0,0,0,0,0,0,1,0,0,0,0,0,0,7022.8,6350
6436,"2013-07-26",0,0,0,0,1,0,0,0,0,0,0,1,0,0,0,0,0,0,6754.2,6893
7118,"2013-07-27",0,0,0,0,0,1,0,0,0,0,0,1,0,0,0,0,0,0,6523.6,6436
11092,"2013-07-29",1,0,0,0,0,0,0,0,0,0,0,1,0,0,0,0,0,1,8964.8,8236
10780,"2013-07-30",0,1,0,0,0,0,0,0,0,0,0,1,0,0,0,0,0,1,8851.6,11092
13403,"2013-07-31",0,0,1,0,0,0,0,0,0,0,0,1,0,0,0,0,0,1,9137.8,10780
10622,"2013-08-01",0,0,0,1,0,0,0,0,0,0,0,0,1,0,0,0,0,1,10096.2,13403
10075,"2013-08-02",0,0,0,0,1,0,0,0,0,0,0,0,1,0,0,0,0,1,10603,10622
8898,"2013-08-03",0,0,0,0,0,1,0,0,0,0,0,0,1,0,0,0,0,0,7124.6,7118
9408,"2013-08-05",1,0,0,0,0,0,0,0,0,0,0,0,1,0,0,0,0,0,7730.4,8898
7559,"2013-08-06",0,1,0,0,0,0,0,0,0,0,0,0,1,0,0,0,0,0,8342,9408
7156,"2013-08-07",0,0,1,0,0,0,0,0,0,0,0,0,1,0,0,0,0,0,8475.2,7559
7481,"2013-08-08",0,0,0,1,0,0,0,0,0,0,0,0,1,0,0,0,0,0,8619.2,7156
7842,"2013-08-09",0,0,0,0,1,0,0,0,0,0,0,0,1,0,0,0,0,0,8100.4,7481
9149,"2013-08-10",0,0,0,0,0,1,0,0,0,0,0,0,1,0,0,0,0,0,7889.2,7842
11913,"2013-08-12",1,0,0,0,0,0,0,0,0,0,0,0,1,0,0,0,0,1,11009.2,10075
10673,"2013-08-13",0,1,0,0,0,0,0,0,0,0,0,0,1,0,0,0,0,1,11173.4,11913
10063,"2013-08-14",0,0,1,0,0,0,0,0,0,0,0,0,1,0,0,0,0,1,11152,10673
8712,"2013-08-15",0,0,0,1,0,0,0,0,0,0,0,0,1,0,0,0,0,1,10484,10063
9338,"2013-08-16",0,0,0,0,1,0,0,0,0,0,0,0,1,0,0,0,0,1,10102,8712
8244,"2013-08-17",0,0,0,0,0,1,0,0,0,0,0,0,1,0,0,0,0,0,7875.2,9149
8709,"2013-08-19",1,0,0,0,0,0,0,0,0,0,0,0,1,0,0,0,0,0,8012.2,8244
6887,"2013-08-20",0,1,0,0,0,0,0,0,0,0,0,0,1,0,0,0,0,0,8322.8,8709
6617,"2013-08-21",0,0,1,0,0,0,0,0,0,0,0,0,1,0,0,0,0,0,8204,6887
6866,"2013-08-22",0,0,0,1,0,0,0,0,0,0,0,0,1,0,0,0,0,0,7959,6617
6562,"2013-08-23",0,0,0,0,1,0,0,0,0,0,0,0,1,0,0,0,0,0,7464.6,6866
8107,"2013-08-24",0,0,0,0,0,1,0,0,0,0,0,0,1,0,0,0,0,0,7128.2,6562
10157,"2013-08-26",1,0,0,0,0,0,0,0,0,0,0,0,1,0,0,0,0,1,9893.6,9338
8147,"2013-08-27",0,1,0,0,0,0,0,0,0,0,0,0,1,0,0,0,0,1,9542.4,10157
8351,"2013-08-28",0,0,1,0,0,0,0,0,0,0,0,0,1,0,0,0,0,1,9037.2,8147
8283,"2013-08-29",0,0,0,1,0,0,0,0,0,0,0,0,1,0,0,0,0,1,8694.8,8351
11704,"2013-08-30",0,0,0,0,1,0,0,0,0,0,0,0,1,0,0,0,0,1,8609,8283
10740,"2013-08-31",0,0,0,0,0,1,0,0,0,0,0,0,1,0,0,0,0,0,7727.2,8107
9030,"2013-09-02",1,0,0,0,0,0,0,0,0,0,0,0,0,1,0,0,0,0,8497.8,10740
7646,"2013-09-03",0,1,0,0,0,0,0,0,0,0,0,0,0,1,0,0,0,0,8980.4,9030
8203,"2013-09-04",0,0,1,0,0,0,0,0,0,0,0,0,0,1,0,0,0,0,9136.4,7646
6803,"2013-09-05",0,0,0,1,0,0,0,0,0,0,0,0,0,1,0,0,0,0,9464.6,8203
6979,"2013-09-06",0,0,0,0,1,0,0,0,0,0,0,0,0,1,0,0,0,0,8484.4,6803
8461,"2013-09-07",0,0,0,0,0,1,0,0,0,0,0,0,0,1,0,0,0,0,7732.2,6979
11987,"2013-09-09",1,0,0,0,0,0,0,0,0,0,0,0,0,1,0,0,0,1,8679.8,11704
10610,"2013-09-10",0,1,0,0,0,0,0,0,0,0,0,0,0,1,0,0,0,1,9045.8,11987
9365,"2013-09-11",0,0,1,0,0,0,0,0,0,0,0,0,0,1,0,0,0,1,9538.4,10610
10257,"2013-09-12",0,0,0,1,0,0,0,0,0,0,0,0,0,1,0,0,0,1,9741.2,9365
10197,"2013-09-13",0,0,0,0,1,0,0,0,0,0,0,0,0,1,0,0,0,1,10136,10257
9177,"2013-09-14",0,0,0,0,0,1,0,0,0,0,0,0,0,1,0,0,0,0,7965.6,8461
7911,"2013-09-16",1,0,0,0,0,0,0,0,0,0,0,0,0,1,0,0,0,0,8271.8,9177
7248,"2013-09-17",0,1,0,0,0,0,0,0,0,0,0,0,0,1,0,0,0,0,8213.4,7911
6701,"2013-09-18",0,0,1,0,0,0,0,0,0,0,0,0,0,1,0,0,0,0,8302.4,7248
7017,"2013-09-19",0,0,0,1,0,0,0,0,0,0,0,0,0,1,0,0,0,0,8246.8,6701
7047,"2013-09-20",0,0,0,0,1,0,0,0,0,0,0,0,0,1,0,0,0,0,7610.8,7017
8631,"2013-09-21",0,0,0,0,0,1,0,0,0,0,0,0,0,1,0,0,0,0,7184.8,7047
9908,"2013-09-23",1,0,0,0,0,0,0,0,0,0,0,0,0,1,0,0,0,1,10170,10197
8701,"2013-09-24",0,1,0,0,0,0,0,0,0,0,0,0,0,1,0,0,0,1,9754.2,9908
9053,"2013-09-25",0,0,1,0,0,0,0,0,0,0,0,0,0,1,0,0,0,1,9372.4,8701
8447,"2013-09-26",0,0,0,1,0,0,0,0,0,0,0,0,0,1,0,0,0,1,9310,9053
9621,"2013-09-27",0,0,0,0,1,0,0,0,0,0,0,0,0,1,0,0,0,1,8948,8447
9274,"2013-09-28",0,0,0,0,0,1,0,0,0,0,0,0,0,1,0,0,0,0,7526.8,8631
11276,"2013-09-30",1,0,0,0,0,0,0,0,0,0,0,0,0,1,0,0,0,0,7932,9274
9255,"2013-10-01",0,1,0,0,0,0,0,0,0,0,0,0,0,0,1,0,0,0,8847,11276
10077,"2013-10-02",0,0,1,0,0,0,0,0,0,0,0,0,0,0,1,0,0,0,9294.6,9255
10204,"2013-10-04",0,0,0,0,1,0,0,0,0,0,0,0,0,0,1,0,0,0,9900.6,10077
8938,"2013-10-05",0,0,0,0,0,1,0,0,0,0,0,0,0,0,1,0,0,0,10017.2,10204
12159,"2013-10-07",1,0,0,0,0,0,0,0,0,0,0,0,0,0,1,0,0,1,9009.4,9621
9872,"2013-10-08",0,1,0,0,0,0,0,0,0,0,0,0,0,0,1,0,0,1,9459.6,12159
8963,"2013-10-09",0,0,1,0,0,0,0,0,0,0,0,0,0,0,1,0,0,1,9693.8,9872
9118,"2013-10-10",0,0,0,1,0,0,0,0,0,0,0,0,0,0,1,0,0,1,9675.8,8963
10062,"2013-10-11",0,0,0,0,1,0,0,0,0,0,0,0,0,0,1,0,0,1,9810,9118
9716,"2013-10-12",0,0,0,0,0,1,0,0,0,0,0,0,0,0,1,0,0,0,10174.8,8938
7237,"2013-10-14",1,0,0,0,0,0,0,0,0,0,0,0,0,0,1,0,0,0,9862.8,9716
7001,"2013-10-15",0,1,0,0,0,0,0,0,0,0,0,0,0,0,1,0,0,0,9459.2,7237
6657,"2013-10-16",0,0,1,0,0,0,0,0,0,0,0,0,0,0,1,0,0,0,8844,7001
6259,"2013-10-17",0,0,0,1,0,0,0,0,0,0,0,0,0,0,1,0,0,0,8134.6,6657
6592,"2013-10-18",0,0,0,0,1,0,0,0,0,0,0,0,0,0,1,0,0,0,7374,6259
9356,"2013-10-19",0,0,0,0,0,1,0,0,0,0,0,0,0,0,1,0,0,0,6749.2,6592
10284,"2013-10-21",1,0,0,0,0,0,0,0,0,0,0,0,0,0,1,0,0,1,9893.6,10062
8418,"2013-10-22",0,1,0,0,0,0,0,0,0,0,0,0,0,0,1,0,0,1,9518.6,10284
7966,"2013-10-23",0,0,1,0,0,0,0,0,0,0,0,0,0,0,1,0,0,1,9227.8,8418
7618,"2013-10-24",0,0,0,1,0,0,0,0,0,0,0,0,0,0,1,0,0,1,9028.4,7966
8808,"2013-10-25",0,0,0,0,1,0,0,0,0,0,0,0,0,0,1,0,0,1,8728.4,7618
9088,"2013-10-26",0,0,0,0,0,1,0,0,0,0,0,0,0,0,1,0,0,0,7063.4,9356
7645,"2013-10-28",1,0,0,0,0,0,0,0,0,0,0,0,0,0,1,0,0,0,7480.8,9088
6719,"2013-10-29",0,1,0,0,0,0,0,0,0,0,0,0,0,0,1,0,0,0,7678.4,7645
7800,"2013-10-30",0,0,1,0,0,0,0,0,0,0,0,0,0,0,1,0,0,0,7770.4,6719
9091,"2013-10-31",0,0,0,1,0,0,0,0,0,0,0,0,0,0,1,0,0,0,8012,7800
8792,"2013-11-01",0,0,0,0,1,0,0,0,0,0,0,0,0,0,0,1,0,0,8068.6,9091
10519,"2013-11-02",0,0,0,0,0,1,0,0,0,0,0,0,0,0,0,1,0,0,8009.4,8792
10203,"2013-11-04",1,0,0,0,0,0,0,0,0,0,0,0,0,0,0,1,0,1,8961,8808
9616,"2013-11-05",0,1,0,0,0,0,0,0,0,0,0,0,0,0,0,1,0,1,8944.8,10203
9236,"2013-11-06",0,0,1,0,0,0,0,0,0,0,0,0,0,0,0,1,0,1,9184.4,9616
8572,"2013-11-07",0,0,0,1,0,0,0,0,0,0,0,0,0,0,0,1,0,1,9438.4,9236
9997,"2013-11-08",0,0,0,0,1,0,0,0,0,0,0,0,0,0,0,1,0,1,9629.2,8572
10373,"2013-11-09",0,0,0,0,0,1,0,0,0,0,0,0,0,0,0,1,0,0,8479.8,10519
8241,"2013-11-11",1,0,0,0,0,0,0,0,0,0,0,0,0,0,0,1,0,0,9210.6,10373
7179,"2013-11-12",0,1,0,0,0,0,0,0,0,0,0,0,0,0,0,1,0,0,9298.8,8241
7263,"2013-11-13",0,0,1,0,0,0,0,0,0,0,0,0,0,0,0,1,0,0,8916.4,7179
6856,"2013-11-14",0,0,0,1,0,0,0,0,0,0,0,0,0,0,0,1,0,0,8610.6,7263
7627,"2013-11-15",0,0,0,0,1,0,0,0,0,0,0,0,0,0,0,1,0,0,7982.4,6856
10157,"2013-11-16",0,0,0,0,0,1,0,0,0,0,0,0,0,0,0,1,0,0,7433.2,7627
11331,"2013-11-18",1,0,0,0,0,0,0,0,0,0,0,0,0,0,0,1,0,1,9556.8,9997
9133,"2013-11-19",0,1,0,0,0,0,0,0,0,0,0,0,0,0,0,1,0,1,9782.4,11331
9280,"2013-11-20",0,0,1,0,0,0,0,0,0,0,0,0,0,0,0,1,0,1,9685.8,9133
9256,"2013-11-21",0,0,0,1,0,0,0,0,0,0,0,0,0,0,0,1,0,1,9694.6,9280
9071,"2013-11-22",0,0,0,0,1,0,0,0,0,0,0,0,0,0,0,1,0,1,9831.4,9256
9394,"2013-11-23",0,0,0,0,0,1,0,0,0,0,0,0,0,0,0,1,0,0,7599.2,10157
8569,"2013-11-25",1,0,0,0,0,0,0,0,0,0,0,0,0,0,0,1,0,0,8042.2,9394
7805,"2013-11-26",0,1,0,0,0,0,0,0,0,0,0,0,0,0,0,1,0,0,8303.4,8569
7809,"2013-11-27",0,0,1,0,0,0,0,0,0,0,0,0,0,0,0,1,0,0,8493.2,7805
7875,"2013-11-28",0,0,0,1,0,0,0,0,0,0,0,0,0,0,0,1,0,0,8529.6,7809
11390,"2013-11-29",0,0,0,0,1,0,0,0,0,0,0,0,0,0,0,1,0,0,8290.4,7875
13394,"2013-11-30",0,0,0,0,0,1,0,0,0,0,0,0,0,0,0,1,0,0,8689.6,11390
14106,"2013-12-02",1,0,0,0,0,0,0,0,0,0,0,0,0,0,0,0,1,1,10478.8,9071
12080,"2013-12-03",0,1,0,0,0,0,0,0,0,0,0,0,0,0,0,0,1,1,11033.8,14106
10379,"2013-12-04",0,0,1,0,0,0,0,0,0,0,0,0,0,0,0,0,1,1,11623.2,12080
12178,"2013-12-05",0,0,0,1,0,0,0,0,0,0,0,0,0,0,0,0,1,1,11843,10379
10597,"2013-12-06",0,0,0,0,1,0,0,0,0,0,0,0,0,0,0,0,1,1,12427.4,12178
10544,"2013-12-07",0,0,0,0,0,1,0,0,0,0,0,0,0,0,0,0,1,0,9095.2,13394
8907,"2013-12-09",1,0,0,0,0,0,0,0,0,0,0,0,0,0,0,0,1,0,9643,10544
8150,"2013-12-10",0,1,0,0,0,0,0,0,0,0,0,0,0,0,0,0,1,0,9862.6,8907
8480,"2013-12-11",0,0,1,0,0,0,0,0,0,0,0,0,0,0,0,0,1,0,9917.6,8150
8463,"2013-12-12",0,0,0,1,0,0,0,0,0,0,0,0,0,0,0,0,1,0,9335.6,8480
8689,"2013-12-13",0,0,0,0,1,0,0,0,0,0,0,0,0,0,0,0,1,0,8908.8,8463
12110,"2013-12-14",0,0,0,0,0,1,0,0,0,0,0,0,0,0,0,0,1,0,8537.8,8689
16843,"2013-12-16",1,0,0,0,0,0,0,0,0,0,0,0,0,0,0,0,1,1,12170.6,10597
14471,"2013-12-17",0,1,0,0,0,0,0,0,0,0,0,0,0,0,0,0,1,1,12718,16843
13440,"2013-12-18",0,0,1,0,0,0,0,0,0,0,0,0,0,0,0,0,1,1,13196.2,14471
13259,"2013-12-19",0,0,0,1,0,0,0,0,0,0,0,0,0,0,0,0,1,1,13808.4,13440
14757,"2013-12-20",0,0,0,0,1,0,0,0,0,0,0,0,0,0,0,0,1,1,14024.6,13259
14207,"2013-12-21",0,0,0,0,0,1,0,0,0,0,0,0,0,0,0,0,1,0,9707.8,12110
16941,"2013-12-23",1,0,0,0,0,0,0,0,0,0,0,0,0,0,0,0,1,0,10919.2,14207
6786,"2013-12-24",0,1,0,0,0,0,0,0,0,0,0,0,0,0,0,0,1,0,12611.4,16941
11159,"2013-12-27",0,0,0,0,1,0,0,0,0,0,0,0,0,0,0,0,1,0,12276,6786
10954,"2013-12-28",0,0,0,0,0,1,0,0,0,0,0,0,0,0,0,0,1,0,12770,11159
17412,"2013-12-30",1,0,0,0,0,0,0,0,0,0,0,0,0,0,0,0,1,0,12009.4,10954
9813,"2013-12-31",0,1,0,0,0,0,0,0,0,0,0,0,0,0,0,0,1,0,12650.4,17412
9525,"2014-01-02",0,0,0,1,0,0,0,0,0,0,0,0,0,0,0,0,0,0,11224.8,9813
9299,"2014-01-03",0,0,0,0,1,0,0,0,0,0,0,0,0,0,0,0,0,0,11772.6,9525
10569,"2014-01-04",0,0,0,0,0,1,0,0,0,0,0,0,0,0,0,0,0,0,11400.6,9299
13086,"2014-01-06",1,0,0,0,0,0,0,0,0,0,0,0,0,0,0,0,0,1,13716.4,14757
10338,"2014-01-07",0,1,0,0,0,0,0,0,0,0,0,0,0,0,0,0,0,1,12965,13086
9271,"2014-01-08",0,0,1,0,0,0,0,0,0,0,0,0,0,0,0,0,0,1,12138.4,10338
9489,"2014-01-09",0,0,0,1,0,0,0,0,0,0,0,0,0,0,0,0,0,1,11304.6,9271
9154,"2014-01-10",0,0,0,0,1,0,0,0,0,0,0,0,0,0,0,0,0,1,10550.6,9489
9203,"2014-01-11",0,0,0,0,0,1,0,0,0,0,0,0,0,0,0,0,0,0,11040.6,10569
7838,"2014-01-13",1,0,0,0,0,0,0,0,0,0,0,0,0,0,0,0,0,0,9398.8,9203
7465,"2014-01-14",0,1,0,0,0,0,0,0,0,0,0,0,0,0,0,0,0,0,9003.8,7838
6571,"2014-01-15",0,0,1,0,0,0,0,0,0,0,0,0,0,0,0,0,0,0,8591.8,7465
6927,"2014-01-16",0,0,0,1,0,0,0,0,0,0,0,0,0,0,0,0,0,0,8046.2,6571
7654,"2014-01-17",0,0,0,0,1,0,0,0,0,0,0,0,0,0,0,0,0,0,7600.8,6927
9451,"2014-01-18",0,0,0,0,0,1,0,0,0,0,0,0,0,0,0,0,0,0,7291,7654
10734,"2014-01-20",1,0,0,0,0,0,0,0,0,0,0,0,0,0,0,0,0,1,10327,9154
9456,"2014-01-21",0,1,0,0,0,0,0,0,0,0,0,0,0,0,0,0,0,1,9856.6,10734
8898,"2014-01-22",0,0,1,0,0,0,0,0,0,0,0,0,0,0,0,0,0,1,9680.2,9456
9580,"2014-01-23",0,0,0,1,0,0,0,0,0,0,0,0,0,0,0,0,0,1,9605.6,8898
9154,"2014-01-24",0,0,0,0,1,0,0,0,0,0,0,0,0,0,0,0,0,1,9623.8,9580
9756,"2014-01-25",0,0,0,0,0,1,0,0,0,0,0,0,0,0,0,0,0,0,7554.2,9451
7800,"2014-01-27",1,0,0,0,0,0,0,0,0,0,0,0,0,0,0,0,0,0,8012.4,9756
7268,"2014-01-28",0,1,0,0,0,0,0,0,0,0,0,0,0,0,0,0,0,0,8258.2,7800
7996,"2014-01-29",0,0,1,0,0,0,0,0,0,0,0,0,0,0,0,0,0,0,8326.4,7268
7860,"2014-01-30",0,0,0,1,0,0,0,0,0,0,0,0,0,0,0,0,0,0,8394.8,7996
10468,"2014-01-31",0,0,0,0,1,0,0,0,0,0,0,0,0,0,0,0,0,0,8136,7860
12028,"2014-02-01",0,0,0,0,0,1,1,0,0,0,0,0,0,0,0,0,0,0,8278.4,10468
13634,"2014-02-03",1,0,0,0,0,0,1,0,0,0,0,0,0,0,0,0,0,1,10139.2,9154
10795,"2014-02-04",0,1,0,0,0,0,1,0,0,0,0,0,0,0,0,0,0,1,10719.2,13634
10046,"2014-02-05",0,0,1,0,0,0,1,0,0,0,0,0,0,0,0,0,0,1,10987,10795
9589,"2014-02-06",0,0,0,1,0,0,1,0,0,0,0,0,0,0,0,0,0,1,11216.6,10046
9571,"2014-02-07",0,0,0,0,1,0,1,0,0,0,0,0,0,0,0,0,0,1,11218.4,9589
9842,"2014-02-08",0,0,0,0,0,1,1,0,0,0,0,0,0,0,0,0,0,0,8632.6,12028
9075,"2014-02-10",1,0,0,0,0,0,1,0,0,0,0,0,0,0,0,0,0,0,9147.4,9842
7483,"2014-02-11",0,1,0,0,0,0,1,0,0,0,0,0,0,0,0,0,0,0,9363.2,9075
8244,"2014-02-12",0,0,1,0,0,0,1,0,0,0,0,0,0,0,0,0,0,0,9287.8,7483
7765,"2014-02-13",0,0,0,1,0,0,1,0,0,0,0,0,0,0,0,0,0,0,8843,8244
8877,"2014-02-14",0,0,0,0,1,0,1,0,0,0,0,0,0,0,0,0,0,0,8481.8,7765
9171,"2014-02-15",0,0,0,0,0,1,1,0,0,0,0,0,0,0,0,0,0,0,8288.8,8877
11297,"2014-02-17",1,0,0,0,0,0,1,0,0,0,0,0,0,0,0,0,0,1,10647,9571
9676,"2014-02-18",0,1,0,0,0,0,1,0,0,0,0,0,0,0,0,0,0,1,10179.6,11297
9010,"2014-02-19",0,0,1,0,0,0,1,0,0,0,0,0,0,0,0,0,0,1,9955.8,9676
9452,"2014-02-20",0,0,0,1,0,0,1,0,0,0,0,0,0,0,0,0,0,1,9748.6,9010
9193,"2014-02-21",0,0,0,0,1,0,1,0,0,0,0,0,0,0,0,0,0,1,9721.2,9452
10047,"2014-02-22",0,0,0,0,0,1,1,0,0,0,0,0,0,0,0,0,0,0,8312.4,9171
7782,"2014-02-24",1,0,0,0,0,0,1,0,0,0,0,0,0,0,0,0,0,0,8825.2,10047
6812,"2014-02-25",0,1,0,0,0,0,1,0,0,0,0,0,0,0,0,0,0,0,8732.8,7782
6987,"2014-02-26",0,0,1,0,0,0,1,0,0,0,0,0,0,0,0,0,0,0,8542.2,6812
7723,"2014-02-27",0,0,0,1,0,0,1,0,0,0,0,0,0,0,0,0,0,0,8164.2,6987
10849,"2014-02-28",0,0,0,0,1,0,1,0,0,0,0,0,0,0,0,0,0,0,7870.2,7723
11248,"2014-03-01",0,0,0,0,0,1,0,1,0,0,0,0,0,0,0,0,0,0,8030.6,10849
13685,"2014-03-03",1,0,0,0,0,0,0,1,0,0,0,0,0,0,0,0,0,1,10136.6,9193
11220,"2014-03-04",0,1,0,0,0,0,0,1,0,0,0,0,0,0,0,0,0,1,10614.2,13685
9039,"2014-03-05",0,0,1,0,0,0,0,1,0,0,0,0,0,0,0,0,0,1,10923,11220
9072,"2014-03-06",0,0,0,1,0,0,0,1,0,0,0,0,0,0,0,0,0,1,10928.8,9039
9986,"2014-03-07",0,0,0,0,1,0,0,1,0,0,0,0,0,0,0,0,0,1,10852.8,9072
9296,"2014-03-08",0,0,0,0,0,1,0,1,0,0,0,0,0,0,0,0,0,0,8471.4,11248
7809,"2014-03-10",1,0,0,0,0,0,0,1,0,0,0,0,0,0,0,0,0,0,8968.2,9296
7021,"2014-03-11",0,1,0,0,0,0,0,1,0,0,0,0,0,0,0,0,0,0,9132.6,7809
7318,"2014-03-12",0,0,1,0,0,0,0,1,0,0,0,0,0,0,0,0,0,0,8992.2,7021
6987,"2014-03-13",0,0,0,1,0,0,0,1,0,0,0,0,0,0,0,0,0,0,8286,7318
7336,"2014-03-14",0,0,0,0,1,0,0,1,0,0,0,0,0,0,0,0,0,0,7686.2,6987
10009,"2014-03-15",0,0,0,0,0,1,0,1,0,0,0,0,0,0,0,0,0,0,7294.2,7336
11669,"2014-03-17",1,0,0,0,0,0,0,1,0,0,0,0,0,0,0,0,0,1,10605,9986
9920,"2014-03-18",0,1,0,0,0,0,0,1,0,0,0,0,0,0,0,0,0,1,10201.8,11669
8672,"2014-03-19",0,0,1,0,0,0,0,1,0,0,0,0,0,0,0,0,0,1,9941.8,9920
8074,"2014-03-20",0,0,0,1,0,0,0,1,0,0,0,0,0,0,0,0,0,1,9868.4,8672
9292,"2014-03-21",0,0,0,0,1,0,0,1,0,0,0,0,0,0,0,0,0,1,9668.8,8074
9676,"2014-03-22",0,0,0,0,0,1,0,1,0,0,0,0,0,0,0,0,0,0,7590.8,10009
7992,"2014-03-24",1,0,0,0,0,0,0,1,0,0,0,0,0,0,0,0,0,0,8121.8,9676
7277,"2014-03-25",0,1,0,0,0,0,0,1,0,0,0,0,0,0,0,0,0,0,8256.6,7992
7095,"2014-03-26",0,0,1,0,0,0,0,1,0,0,0,0,0,0,0,0,0,0,8314.6,7277
7006,"2014-03-27",0,0,0,1,0,0,0,1,0,0,0,0,0,0,0,0,0,0,8266.4,7095
7696,"2014-03-28",0,0,0,0,1,0,0,1,0,0,0,0,0,0,0,0,0,0,7809.2,7006
8880,"2014-03-29",0,0,0,0,0,1,0,1,0,0,0,0,0,0,0,0,0,0,7413.2,7696
14638,"2014-03-31",1,0,0,0,0,0,0,1,0,0,0,0,0,0,0,0,0,1,9443,9292
11772,"2014-04-01",0,1,0,0,0,0,0,0,1,0,0,0,0,0,0,0,0,1,10036.8,14638
9585,"2014-04-02",0,0,1,0,0,0,0,0,1,0,0,0,0,0,0,0,0,1,10407.2,11772
9189,"2014-04-03",0,0,0,1,0,0,0,0,1,0,0,0,0,0,0,0,0,1,10589.8,9585
9411,"2014-04-04",0,0,0,0,1,0,0,0,1,0,0,0,0,0,0,0,0,1,10812.8,9189
9423,"2014-04-05",0,0,0,0,0,1,0,0,1,0,0,0,0,0,0,0,0,0,7697,8880
7733,"2014-04-07",1,0,0,0,0,0,0,0,1,0,0,0,0,0,0,0,0,0,8126.2,9423
7074,"2014-04-08",0,1,0,0,0,0,0,0,1,0,0,0,0,0,0,0,0,0,8253.8,7733
7890,"2014-04-09",0,0,1,0,0,0,0,0,1,0,0,0,0,0,0,0,0,0,8267.4,7074
7714,"2014-04-10",0,0,0,1,0,0,0,0,1,0,0,0,0,0,0,0,0,0,8306.2,7890
7682,"2014-04-11",0,0,0,0,1,0,0,0,1,0,0,0,0,0,0,0,0,0,7966.8,7714
9200,"2014-04-12",0,0,0,0,0,1,0,0,1,0,0,0,0,0,0,0,0,0,7618.6,7682
12391,"2014-04-14",1,0,0,0,0,0,0,0,1,0,0,0,0,0,0,0,0,1,10876.8,9411
11191,"2014-04-15",0,1,0,0,0,0,0,0,1,0,0,0,0,0,0,0,0,1,10427.4,12391
11237,"2014-04-16",0,0,1,0,0,0,0,0,1,0,0,0,0,0,0,0,0,1,10311.2,11191
13084,"2014-04-17",0,0,0,1,0,0,0,0,1,0,0,0,0,0,0,0,0,1,10641.6,11237
10613,"2014-04-19",0,0,0,0,0,1,0,0,1,0,0,0,0,0,0,0,0,0,8688.8,9200
9723,"2014-04-22",0,1,0,0,0,0,0,0,1,0,0,0,0,0,0,0,0,0,9396.6,10613
7352,"2014-04-23",0,0,1,0,0,0,0,0,1,0,0,0,0,0,0,0,0,0,9763.2,9723
7294,"2014-04-24",0,0,0,1,0,0,0,0,1,0,0,0,0,0,0,0,0,0,9690.8,7352
7041,"2014-04-25",0,0,0,0,1,0,0,0,1,0,0,0,0,0,0,0,0,0,9613.2,7294
8650,"2014-04-26",0,0,0,0,0,1,0,0,1,0,0,0,0,0,0,0,0,0,8404.6,7041
11863,"2014-04-28",1,0,0,0,0,0,0,0,1,0,0,0,0,0,0,0,0,1,10533.8,13084
9680,"2014-04-29",0,1,0,0,0,0,0,0,1,0,0,0,0,0,0,0,0,1,11066.4,11863
14743,"2014-04-30",0,0,1,0,0,0,0,0,1,0,0,0,0,0,0,0,0,1,10524.2,9680
15274,"2014-05-02",0,0,0,0,1,0,0,0,0,1,0,0,0,0,0,0,0,1,11234.6,14743
10330,"2014-05-03",0,0,0,0,0,1,0,0,0,1,0,0,0,0,0,0,0,0,9336.8,8650
11986,"2014-05-05",1,0,0,0,0,0,0,0,0,1,0,0,0,0,0,0,0,1,11053.2,15274
9723,"2014-05-06",0,1,0,0,0,0,0,0,0,1,0,0,0,0,0,0,0,1,11720.4,11986
9245,"2014-05-07",0,0,1,0,0,0,0,0,0,1,0,0,0,0,0,0,0,1,11292.4,9723
9227,"2014-05-08",0,0,0,1,0,0,0,0,0,1,0,0,0,0,0,0,0,1,11205.4,9245
10880,"2014-05-09",0,0,0,0,1,0,0,0,0,1,0,0,0,0,0,0,0,1,10102.2,9227
10559,"2014-05-10",0,0,0,0,0,1,0,0,0,1,0,0,0,0,0,0,0,0,9568.2,10330
8484,"2014-05-12",1,0,0,0,0,0,0,0,0,1,0,0,0,0,0,0,0,0,10209.6,10559
7508,"2014-05-13",0,1,0,0,0,0,0,0,0,1,0,0,0,0,0,0,0,0,10447.6,8484
7268,"2014-05-14",0,0,1,0,0,0,0,0,0,1,0,0,0,0,0,0,0,0,10541,7508
7145,"2014-05-15",0,0,0,1,0,0,0,0,0,1,0,0,0,0,0,0,0,0,8939.8,7268
7948,"2014-05-16",0,0,0,0,1,0,0,0,0,1,0,0,0,0,0,0,0,0,8192.8,7145
9040,"2014-05-17",0,0,0,0,0,1,0,0,0,1,0,0,0,0,0,0,0,0,7670.6,7948
11433,"2014-05-19",1,0,0,0,0,0,0,0,0,1,0,0,0,0,0,0,0,1,9844.2,10880
8127,"2014-05-20",0,1,0,0,0,0,0,0,0,1,0,0,0,0,0,0,0,1,9733.6,11433
8408,"2014-05-21",0,0,1,0,0,0,0,0,0,1,0,0,0,0,0,0,0,1,9414.4,8127
8924,"2014-05-22",0,0,0,1,0,0,0,0,0,1,0,0,0,0,0,0,0,1,9247,8408
8611,"2014-05-23",0,0,0,0,1,0,0,0,0,1,0,0,0,0,0,0,0,1,9186.4,8924
9218,"2014-05-24",0,0,0,0,0,1,0,0,0,1,0,0,0,0,0,0,0,0,7696,9040
7949,"2014-05-26",1,0,0,0,0,0,0,0,0,1,0,0,0,0,0,0,0,0,8038,9218
7193,"2014-05-27",0,1,0,0,0,0,0,0,0,1,0,0,0,0,0,0,0,0,8174.2,7949
11073,"2014-05-28",0,0,1,0,0,0,0,0,0,1,0,0,0,0,0,0,0,0,8183.8,7193
13149,"2014-05-30",0,0,0,0,1,0,0,0,0,1,0,0,0,0,0,0,0,0,8808.8,11073
11018,"2014-05-31",0,0,0,0,0,1,0,0,0,1,0,0,0,0,0,0,0,0,9716.4,13149
13087,"2014-06-02",1,0,0,0,0,0,0,0,0,0,1,0,0,0,0,0,0,1,9582,8611
11083,"2014-06-03",0,1,0,0,0,0,0,0,0,0,1,0,0,0,0,0,0,1,9912.8,13087
10584,"2014-06-04",0,0,1,0,0,0,0,0,0,0,1,0,0,0,0,0,0,1,10504,11083
10774,"2014-06-05",0,0,0,1,0,0,0,0,0,0,1,0,0,0,0,0,0,1,10939.2,10584
10705,"2014-06-06",0,0,0,0,1,0,0,0,0,0,1,0,0,0,0,0,0,1,11309.2,10774
10164,"2014-06-07",0,0,0,0,0,1,0,0,0,0,1,0,0,0,0,0,0,0,10013.8,11018
10239,"2014-06-10",0,1,0,0,0,0,0,0,0,0,1,0,0,0,0,0,0,0,10456.8,10164
8163,"2014-06-11",0,0,1,0,0,0,0,0,0,0,1,0,0,0,0,0,0,0,11066,10239
8637,"2014-06-12",0,0,0,1,0,0,0,0,0,0,1,0,0,0,0,0,0,0,10484,8163
8077,"2014-06-13",0,0,0,0,1,0,0,0,0,0,1,0,0,0,0,0,0,0,9581.6,8637
11209,"2014-06-14",0,0,0,0,0,1,0,0,0,0,1,0,0,0,0,0,0,0,9056,8077
11121,"2014-06-16",1,0,0,0,0,0,0,0,0,0,1,0,0,0,0,0,0,1,11347.4,10705
10097,"2014-06-17",0,1,0,0,0,0,0,0,0,0,1,0,0,0,0,0,0,1,10954.2,11121
8791,"2014-06-18",0,0,1,0,0,0,0,0,0,0,1,0,0,0,0,0,0,1,10757,10097
9446,"2014-06-19",0,0,0,1,0,0,0,0,0,0,1,0,0,0,0,0,0,1,10398.4,8791
9503,"2014-06-20",0,0,0,0,1,0,0,0,0,0,1,0,0,0,0,0,0,1,10132.8,9446
8683,"2014-06-21",0,0,0,0,0,1,0,0,0,0,1,0,0,0,0,0,0,0,8923.8,11209
8998,"2014-06-23",1,0,0,0,0,0,0,0,0,0,1,0,0,0,0,0,0,0,8612.6,8683
7723,"2014-06-24",0,1,0,0,0,0,0,0,0,0,1,0,0,0,0,0,0,0,8779.6,8998
8450,"2014-06-25",0,0,1,0,0,0,0,0,0,0,1,0,0,0,0,0,0,0,8596.8,7723
7080,"2014-06-26",0,0,0,1,0,0,0,0,0,0,1,0,0,0,0,0,0,0,8671.4,8450
7556,"2014-06-27",0,0,0,0,1,0,0,0,0,0,1,0,0,0,0,0,0,0,8186.8,7080
9601,"2014-06-28",0,0,0,0,0,1,0,0,0,0,1,0,0,0,0,0,0,0,7961.4,7556
15672,"2014-06-30",1,0,0,0,0,0,0,0,0,0,1,0,0,0,0,0,0,1,9811.2,9503
11584,"2014-07-01",0,1,0,0,0,0,0,0,0,0,0,1,0,0,0,0,0,1,10721.4,15672
10575,"2014-07-02",0,0,1,0,0,0,0,0,0,0,0,1,0,0,0,0,0,1,11018.8,11584
10659,"2014-07-03",0,0,0,1,0,0,0,0,0,0,0,1,0,0,0,0,0,1,11375.6,10575
8551,"2014-07-04",0,0,0,0,1,0,0,0,0,0,0,1,0,0,0,0,0,1,11618.2,10659
10034,"2014-07-05",0,0,0,0,0,1,0,0,0,0,0,1,0,0,0,0,0,0,7872,9601
9810,"2014-07-07",1,0,0,0,0,0,0,0,0,0,0,1,0,0,0,0,0,0,8334.2,10034
8844,"2014-07-08",0,1,0,0,0,0,0,0,0,0,0,1,0,0,0,0,0,0,8606.2,9810
9042,"2014-07-09",0,0,1,0,0,0,0,0,0,0,0,1,0,0,0,0,0,0,8959,8844
10000,"2014-07-10",0,0,0,1,0,0,0,0,0,0,0,1,0,0,0,0,0,0,9256.2,9042
9195,"2014-07-11",0,0,0,0,1,0,0,0,0,0,0,1,0,0,0,0,0,0,9546,10000
10335,"2014-07-12",0,0,0,0,0,1,0,0,0,0,0,1,0,0,0,0,0,0,9378.2,9195
12949,"2014-07-14",1,0,0,0,0,0,0,0,0,0,0,1,0,0,0,0,0,1,11765,8551
10719,"2014-07-15",0,1,0,0,0,0,0,0,0,0,0,1,0,0,0,0,0,1,11220.4,12949
10720,"2014-07-16",0,0,1,0,0,0,0,0,0,0,0,1,0,0,0,0,0,1,11047.4,10719
10045,"2014-07-17",0,0,0,1,0,0,0,0,0,0,0,1,0,0,0,0,0,1,11076.4,10720
9353,"2014-07-18",0,0,0,0,1,0,0,0,0,0,0,1,0,0,0,0,0,1,10953.6,10045
8840,"2014-07-19",0,0,0,0,0,1,0,0,0,0,0,1,0,0,0,0,0,0,9286.8,10335
8649,"2014-07-21",1,0,0,0,0,0,0,0,0,0,0,1,0,0,0,0,0,0,9286,8840
7589,"2014-07-22",0,1,0,0,0,0,0,0,0,0,0,1,0,0,0,0,0,0,9207.4,8649
6514,"2014-07-23",0,0,1,0,0,0,0,0,0,0,0,1,0,0,0,0,0,0,8725.2,7589
7355,"2014-07-24",0,0,0,1,0,0,0,0,0,0,0,1,0,0,0,0,0,0,8189,6514
7655,"2014-07-25",0,0,0,0,1,0,0,0,0,0,0,1,0,0,0,0,0,0,7789.4,7355
8805,"2014-07-26",0,0,0,0,0,1,0,0,0,0,0,1,0,0,0,0,0,0,7552.4,7655
11033,"2014-07-28",1,0,0,0,0,0,0,0,0,0,0,1,0,0,0,0,0,1,10647.6,9353
9808,"2014-07-29",0,1,0,0,0,0,0,0,0,0,0,1,0,0,0,0,0,1,10264.4,11033
10032,"2014-07-30",0,0,1,0,0,0,0,0,0,0,0,1,0,0,0,0,0,1,10082.2,9808
12533,"2014-07-31",0,0,0,1,0,0,0,0,0,0,0,1,0,0,0,0,0,1,9944.6,10032
